city,cityLabel,population,country,countryLabel,loc
http://www.wikidata.org/entity/Q1353,Delhi,26495000,http://www.wikidata.org/entity/Q668,India,Point(77.216666666 28.666666666)
http://www.wikidata.org/entity/Q8686,Shanghai,24870895,http://www.wikidata.org/entity/Q148,People's Republic of China,Point(121.466666666 31.166666666)
http://www.wikidata.org/entity/Q1354,Dhaka,16800000,http://www.wikidata.org/entity/Q902,Bangladesh,Point(90.394444444 23.728888888)
http://www.wikidata.org/entity/Q406,Istanbul,15462452,http://www.wikidata.org/entity/Q43,Turkey,Point(28.960277777 41.01)
http://www.wikidata.org/entity/Q8660,Karachi,14910352,http://www.wikidata.org/entity/Q843,Pakistan,Point(67.01 24.86)
http://www.wikidata.org/entity/Q8673,Lagos,14862000,http://www.wikidata.org/entity/Q1033,Nigeria,Point(3.4 6.45)
http://www.wikidata.org/entity/Q1490,Tokyo,14047594,http://www.wikidata.org/entity/Q17,Japan,Point(139.691722222 35.689555555)
http://www.wikidata.org/entity/Q649,Moscow,12455682,http://www.wikidata.org/entity/Q159,Russia,Point(37.617777777 55.755833333)
http://www.wikidata.org/entity/Q174,São Paulo,12325232,http://www.wikidata.org/entity/Q155,Brazil,Point(-46.633947222 -23.550394444)
http://www.wikidata.org/entity/Q3838,Kinshasa,11855000,http://www.wikidata.org/entity/Q974,Democratic Republic of the Congo,Point(15.313888888 -4.331666666)
http://www.wikidata.org/entity/Q3630,Jakarta,10562088,http://www.wikidata.org/entity/Q252,Indonesia,Point(106.8275 -6.175)
http://www.wikidata.org/entity/Q1854,Ho Chi Minh City,10380000,http://www.wikidata.org/entity/Q881,Vietnam,Point(106.701944444 10.775555555)
http://www.wikidata.org/entity/Q2868,Lima,9674755,http://www.wikidata.org/entity/Q419,Peru,Point(-77.0375 -12.06)
http://www.wikidata.org/entity/Q8684,Seoul,9668465,http://www.wikidata.org/entity/Q884,South Korea,Point(126.99 37.56)
http://www.wikidata.org/entity/Q85,Cairo,9293612,http://www.wikidata.org/entity/Q79,Egypt,Point(31.235833333 30.044444444)
http://www.wikidata.org/entity/Q1489,Mexico City,8918653,http://www.wikidata.org/entity/Q96,Mexico,Point(-99.145555555 19.419444444)
http://www.wikidata.org/entity/Q84,London,8908081,http://www.wikidata.org/entity/Q145,United Kingdom,Point(-0.1275 51.507222222)
http://www.wikidata.org/entity/Q60,New York City,8804190,http://www.wikidata.org/entity/Q30,United States of America,Point(-74.0 40.7)
http://www.wikidata.org/entity/Q3616,Tehran,8693706,http://www.wikidata.org/entity/Q794,Iran,Point(51.416666666 35.7)
http://www.wikidata.org/entity/Q3692,Riyadh,8002100,http://www.wikidata.org/entity/Q851,Saudi Arabia,Point(46.71 24.65)
http://www.wikidata.org/entity/Q404817,Shangqiu,7816831,http://www.wikidata.org/entity/Q1065073,Song,Point(115.64673 34.42592)
http://www.wikidata.org/entity/Q2841,Bogotá,7743955,http://www.wikidata.org/entity/Q739,Colombia,Point(-74.08175 4.60971)
http://www.wikidata.org/entity/Q1530,Baghdad,6960000,http://www.wikidata.org/entity/Q796,Iraq,Point(44.366111111 33.315277777)
http://www.wikidata.org/entity/Q144663,Hengyang,6645243,http://www.wikidata.org/entity/Q8733,Qing dynasty,Point(112.58568 26.89676)
http://www.wikidata.org/entity/Q2887,Santiago,6257516,http://www.wikidata.org/entity/Q298,Chile,Point(-70.666666666 -33.45)
http://www.wikidata.org/entity/Q334,Singapore,5866139,http://www.wikidata.org/entity/Q334,Singapore,Point(103.8 1.3)
http://www.wikidata.org/entity/Q1861,Bangkok,5676648,http://www.wikidata.org/entity/Q869,Thailand,Point(100.516666666 13.75)
http://www.wikidata.org/entity/Q3870,Nairobi,5545000,http://www.wikidata.org/entity/Q114,Kenya,Point(36.817222222 -1.286388888)
http://www.wikidata.org/entity/Q37995,Yangon,5430000,http://www.wikidata.org/entity/Q836,Myanmar,Point(96.16 16.795)
http://www.wikidata.org/entity/Q1963,Khartoum,5345000,http://www.wikidata.org/entity/Q1049,Sudan,Point(32.52654 15.60308)
http://www.wikidata.org/entity/Q1515,Abidjan,4980000,http://www.wikidata.org/entity/Q1008,Ivory Coast,Point(-4.026666666 5.336388888)
http://www.wikidata.org/entity/Q530171,Ajman,4900350,http://www.wikidata.org/entity/Q878,United Arab Emirates,Point(55.479722222 25.399444444)
http://www.wikidata.org/entity/Q3130,Sydney,4840600,http://www.wikidata.org/entity/Q408,Australia,Point(151.21 -33.867777777)
http://www.wikidata.org/entity/Q1960,Dar es Salaam,4715000,http://www.wikidata.org/entity/Q924,Tanzania,Point(39.280277777 -6.816111111)
http://www.wikidata.org/entity/Q34647,Johannesburg,4434827,http://www.wikidata.org/entity/Q258,South Africa,Point(28.041638888 -26.204361111)
http://www.wikidata.org/entity/Q244898,New Taipei,4364124,http://www.wikidata.org/entity/Q865,Taiwan,Point(121.445833 25.011111)
http://www.wikidata.org/entity/Q5838,Kabul,4273156,http://www.wikidata.org/entity/Q889,Afghanistan,Point(69.165833333 34.532777777)
http://www.wikidata.org/entity/Q3805,Amman,4007526,http://www.wikidata.org/entity/Q810,Jordan,Point(35.933333333 31.95)
http://www.wikidata.org/entity/Q64,Berlin,3664088,http://www.wikidata.org/entity/Q183,Germany,Point(13.383333333 52.516666666)
http://www.wikidata.org/entity/Q7903,Casablanca,3499000,http://www.wikidata.org/entity/Q1028,Morocco,Point(-7.62 33.599166666)
http://www.wikidata.org/entity/Q3561,Algiers,3415811,http://www.wikidata.org/entity/Q262,Algeria,Point(3.058611111 36.776388888)
http://www.wikidata.org/entity/Q2807,Madrid,3305408,http://www.wikidata.org/entity/Q29,Spain,Point(-3.7025 40.416666666)
http://www.wikidata.org/entity/Q170688,Santa Cruz de la Sierra,3151676,http://www.wikidata.org/entity/Q750,Bolivia,Point(-63.1975 -17.789166666)
http://www.wikidata.org/entity/Q1486,Buenos Aires,3063728,http://www.wikidata.org/entity/Q414,Argentina,Point(-58.381944444 -34.599722222)
http://www.wikidata.org/entity/Q3624,Addis Ababa,3041002,http://www.wikidata.org/entity/Q115,Ethiopia,Point(38.736944444 9.027222222)
http://www.wikidata.org/entity/Q35178,Kuwait City,2989000,http://www.wikidata.org/entity/Q817,Kuwait,Point(47.98 29.375)
http://www.wikidata.org/entity/Q1899,Kyiv,2963199,http://www.wikidata.org/entity/Q212,Ukraine,Point(30.523611111 50.45)
http://www.wikidata.org/entity/Q1475,Quezon City,2960048,http://www.wikidata.org/entity/Q928,Philippines,Point(121.033333333 14.633333333)
http://www.wikidata.org/entity/Q2471,Sanaa,2957000,http://www.wikidata.org/entity/Q805,Yemen,Point(44.2 15.35)
http://www.wikidata.org/entity/Q1555,Guatemala City,2934841,http://www.wikidata.org/entity/Q774,Guatemala,Point(-90.52525 14.609861111)
http://www.wikidata.org/entity/Q220,Rome,2872800,http://www.wikidata.org/entity/Q38,Italy,Point(12.482777777 41.893055555)
http://www.wikidata.org/entity/Q18808,Pyongyang,2863000,http://www.wikidata.org/entity/Q423,North Korea,Point(125.73 39.03)
http://www.wikidata.org/entity/Q132830,Douala,2768436,http://www.wikidata.org/entity/Q1009,Cameroon,Point(9.7 4.05)
http://www.wikidata.org/entity/Q172,Toronto,2731571,http://www.wikidata.org/entity/Q16,Canada,Point(-79.386666666 43.670277777)
http://www.wikidata.org/entity/Q43509,Guayaquil,2723665,http://www.wikidata.org/entity/Q736,Ecuador,Point(-79.8875 -2.19)
http://www.wikidata.org/entity/Q3915,Antananarivo,2610000,http://www.wikidata.org/entity/Q1019,Madagascar,Point(47.521388888 -18.938611111)
http://www.wikidata.org/entity/Q269,Tashkent,2571668,http://www.wikidata.org/entity/Q265,Uzbekistan,Point(69.266666666 41.3)
http://www.wikidata.org/entity/Q3897,Luanda,2487444,http://www.wikidata.org/entity/Q916,Angola,Point(13.234444444 -8.838333333)
http://www.wikidata.org/entity/Q3881,Lusaka,2467563,http://www.wikidata.org/entity/Q953,Zambia,Point(28.283333333 -15.416666666)
http://www.wikidata.org/entity/Q3777,Ouagadougou,2453496,http://www.wikidata.org/entity/Q965,Burkina Faso,Point(-1.5275 12.368611111)
http://www.wikidata.org/entity/Q3761,Accra,2388000,http://www.wikidata.org/entity/Q117,Ghana,Point(-0.187 5.6037)
http://www.wikidata.org/entity/Q9248,Baku,2300500,http://www.wikidata.org/entity/Q227,Azerbaijan,Point(49.835183333 40.366655555)
http://www.wikidata.org/entity/Q1533,Caracas,2245744,http://www.wikidata.org/entity/Q717,Venezuela,Point(-66.933333333 10.5)
http://www.wikidata.org/entity/Q90,Paris,2165423,http://www.wikidata.org/entity/Q142,France,Point(2.351388888 48.856944444)
http://www.wikidata.org/entity/Q3921,Harare,2150000,http://www.wikidata.org/entity/Q954,Zimbabwe,Point(31.052222222 -17.829166666)
http://www.wikidata.org/entity/Q1563,Havana,2141652,http://www.wikidata.org/entity/Q241,Cuba,Point(-82.358888888 23.136666666)
http://www.wikidata.org/entity/Q1850,Phnom Penh,2129371,http://www.wikidata.org/entity/Q424,Cambodia,Point(104.921027777 11.569583333)
http://www.wikidata.org/entity/Q2449,Mogadishu,2120000,http://www.wikidata.org/entity/Q1045,Somalia,Point(45.341944444 2.039166666)
http://www.wikidata.org/entity/Q3703,Bamako,2009109,http://www.wikidata.org/entity/Q912,Mali,Point(-7.992222222 12.645833333)
http://www.wikidata.org/entity/Q2280,Minsk,1996553,http://www.wikidata.org/entity/Q184,Belarus,Point(27.561837 53.902246)
http://www.wikidata.org/entity/Q56036,West Berlin,1984837,http://www.wikidata.org/entity/Q2415901,Allied-occupied Germany,Point(13.28 52.5)
http://www.wikidata.org/entity/Q1865,Kuala Lumpur,1982100,http://www.wikidata.org/entity/Q833,Malaysia,Point(101.695277777 3.147777777)
http://www.wikidata.org/entity/Q35493,Almaty,1916822,http://www.wikidata.org/entity/Q232,Kazakhstan,Point(76.9 43.25)
http://www.wikidata.org/entity/Q41183,Aleppo,1916781,http://www.wikidata.org/entity/Q858,Syria,Point(37.15 36.2)
http://www.wikidata.org/entity/Q1741,Vienna,1911191,http://www.wikidata.org/entity/Q40,Austria,Point(16.3725 48.208333333)
http://www.wikidata.org/entity/Q188693,Blantyre,1895973,http://www.wikidata.org/entity/Q1020,Malawi,Point(35.005833333 -15.786111111)
http://www.wikidata.org/entity/Q19660,Bucharest,1883425,http://www.wikidata.org/entity/Q218,Romania,Point(26.083333333 44.4)
http://www.wikidata.org/entity/Q270,Warsaw,1860281,http://www.wikidata.org/entity/Q36,Poland,Point(21.011111111 52.23)
http://www.wikidata.org/entity/Q3844,Brazzaville,1827000,http://www.wikidata.org/entity/Q971,Republic of the Congo,Point(15.271388888 -4.269444444)
http://www.wikidata.org/entity/Q1781,Budapest,1706851,http://www.wikidata.org/entity/Q28,Hungary,Point(19.040833333 47.498333333)
http://www.wikidata.org/entity/Q3238,Tegucigalpa,1682725,http://www.wikidata.org/entity/Q783,Honduras,Point(-87.204166666 14.106111111)
http://www.wikidata.org/entity/Q3894,Kampala,1680600,http://www.wikidata.org/entity/Q1036,Uganda,Point(32.581111111 0.313611111)
http://www.wikidata.org/entity/Q3733,Conakry,1667864,http://www.wikidata.org/entity/Q1006,Guinea,Point(-13.712222222 9.509166666)
http://www.wikidata.org/entity/Q2074197,City of Belgrade,1659440,http://www.wikidata.org/entity/Q403,Serbia,Point(20.46666668 44.81666668)
http://www.wikidata.org/entity/Q2074197,City of Belgrade,1659440,http://www.wikidata.org/entity/Q403,Serbia,Point(20.47302 44.79743)
http://www.wikidata.org/entity/Q11025,Semarang,1621384,http://www.wikidata.org/entity/Q188161,Dutch East Indies,Point(110.416666666 -6.966666666)
http://www.wikidata.org/entity/Q34820,Santo Domingo,1484789,http://www.wikidata.org/entity/Q786,Dominican Republic,Point(-69.893333333 18.476388888)
http://www.wikidata.org/entity/Q37100,Auckland,1470100,http://www.wikidata.org/entity/Q664,New Zealand,Point(174.783333333 -36.85)
http://www.wikidata.org/entity/Q3718,Dakar,1438725,http://www.wikidata.org/entity/Q1041,Senegal,Point(-17.457222222 14.731944444)
http://www.wikidata.org/entity/Q3826,Muscat,1421409,http://www.wikidata.org/entity/Q842,Oman,Point(58.592222222 23.613888888)
http://www.wikidata.org/entity/Q23430,Ulaanbaatar,1396288,http://www.wikidata.org/entity/Q711,Mongolia,Point(106.905515 47.921357)
http://www.wikidata.org/entity/Q472,Sofia,1383435,http://www.wikidata.org/entity/Q219,Bulgaria,Point(23.321726 42.697886)
http://www.wikidata.org/entity/Q1335,Montevideo,1319108,http://www.wikidata.org/entity/Q77,Uruguay,Point(-56.166666666 -34.866666666)
http://www.wikidata.org/entity/Q3579,Tripoli,1293016,http://www.wikidata.org/entity/Q1016,Libya,Point(13.18746 32.87519)
http://www.wikidata.org/entity/Q56037,East Berlin,1279212,http://www.wikidata.org/entity/Q16957,German Democratic Republic,Point(13.404444444 52.518611111)
http://www.wikidata.org/entity/Q1085,Prague,1275406,http://www.wikidata.org/entity/Q213,Czech Republic,Point(14.421388888 50.0875)
http://www.wikidata.org/entity/Q240,Brussels-Capital Region,1218255,http://www.wikidata.org/entity/Q31,Belgium,Point(4.3525 50.846666666)
http://www.wikidata.org/entity/Q3889,Maputo,1191613,http://www.wikidata.org/entity/Q1029,Mozambique,Point(32.576388888 -25.915277777)
http://www.wikidata.org/entity/Q3861,Doha,1186023,http://www.wikidata.org/entity/Q846,Qatar,Point(51.533333333 25.3)
http://www.wikidata.org/entity/Q3859,Kigali,1156663,http://www.wikidata.org/entity/Q1037,Rwanda,Point(30.060555555 -1.953611111)
http://www.wikidata.org/entity/Q994,Tbilisi,1118035,http://www.wikidata.org/entity/Q230,Georgia,Point(44.7925 41.7225)
http://www.wikidata.org/entity/Q3659,N'Djamena,1092066,http://www.wikidata.org/entity/Q657,Chad,Point(15.05 12.11)
http://www.wikidata.org/entity/Q3688,Nouakchott,1077169,http://www.wikidata.org/entity/Q1025,Mauritania,Point(-15.9785 18.08581)
http://www.wikidata.org/entity/Q1953,Yerevan,1075800,http://www.wikidata.org/entity/Q399,Armenia,Point(44.514444444 40.181388888)
http://www.wikidata.org/entity/Q9361,Bishkek,1074075,http://www.wikidata.org/entity/Q813,Kyrgyzstan,Point(74.566666666 42.866666666)
http://www.wikidata.org/entity/Q158467,Gwalior,1069276,http://www.wikidata.org/entity/Q33296,Mughal Empire,Point(78.193055555 26.215)
http://www.wikidata.org/entity/Q3572,Tunis,1056247,http://www.wikidata.org/entity/Q948,Tunisia,Point(10.18 36.800833333)
http://www.wikidata.org/entity/Q3674,Niamey,1026848,http://www.wikidata.org/entity/Q1032,Niger,Point(2.1175 13.515)
http://www.wikidata.org/entity/Q3748,Monrovia,1021762,http://www.wikidata.org/entity/Q1014,Liberia,Point(-10.804722222 6.310555555)
http://www.wikidata.org/entity/Q34261,Port-au-Prince,987310,http://www.wikidata.org/entity/Q790,Haiti,Point(-72.338611111 18.5425)
http://www.wikidata.org/entity/Q1754,Stockholm,978770,http://www.wikidata.org/entity/Q34,Sweden,Point(18.068611111 59.329444444)
http://www.wikidata.org/entity/Q3642,Asmara,963000,http://www.wikidata.org/entity/Q986,Eritrea,Point(38.916666666 15.333333333)
http://www.wikidata.org/entity/Q3780,Freetown,951000,http://www.wikidata.org/entity/Q1044,Sierra Leone,Point(-13.233055555 8.483333333)
http://www.wikidata.org/entity/Q9326,Vientiane,948487,http://www.wikidata.org/entity/Q819,Laos,Point(102.6 17.966666666)
http://www.wikidata.org/entity/Q1218,Jerusalem,919438,http://www.wikidata.org/entity/Q801,Israel,Point(35.225555555 31.778888888)
http://www.wikidata.org/entity/Q3832,Bangui,889231,http://www.wikidata.org/entity/Q929,Central African Republic,Point(18.562833333 4.37325)
http://www.wikidata.org/entity/Q3306,Panama City,880691,http://www.wikidata.org/entity/Q804,Panama,Point(-79.5 9.0)
http://www.wikidata.org/entity/Q9365,Dushanbe,863400,http://www.wikidata.org/entity/Q863,Tajikistan,Point(68.786388888 38.573055555)
http://www.wikidata.org/entity/Q727,Amsterdam,860124,http://www.wikidata.org/entity/Q55,Netherlands,Point(4.9 52.383333333)
http://www.wikidata.org/entity/Q3037,Kathmandu,845767,http://www.wikidata.org/entity/Q837,Nepal,Point(85.366666666 27.716666666)
http://www.wikidata.org/entity/Q3792,Lomé,837437,http://www.wikidata.org/entity/Q945,Togo,Point(1.222777777 6.131944444)
http://www.wikidata.org/entity/Q23438,Ashgabat,828100,http://www.wikidata.org/entity/Q874,Turkmenistan,Point(58.38333 37.95)
http://www.wikidata.org/entity/Q23438,Ashgabat,828100,http://www.wikidata.org/entity/Q874,Turkmenistan,Point(58.383333333 37.95)
http://www.wikidata.org/entity/Q1435,Zagreb,809268,http://www.wikidata.org/entity/Q224,Croatia,Point(15.977222222 45.813055555)
http://www.wikidata.org/entity/Q3825,Libreville,797003,http://www.wikidata.org/entity/Q1000,Gabon,Point(9.4544 0.3901)
http://www.wikidata.org/entity/Q131301,Homs,775404,http://www.wikidata.org/entity/Q2277,Roman Empire,Point(36.716666666 34.733333333)
http://www.wikidata.org/entity/Q168652,Hargeisa,760000,http://www.wikidata.org/entity/Q34754,Somaliland,Point(44.060556 9.565556)
http://www.wikidata.org/entity/Q35381,Colombo,752993,http://www.wikidata.org/entity/Q854,Sri Lanka,Point(79.833333333 6.916666666)
http://www.wikidata.org/entity/Q585,Oslo,693494,http://www.wikidata.org/entity/Q20,Norway,Point(10.738888888 59.913333333)
http://www.wikidata.org/entity/Q43595,Cotonou,679012,http://www.wikidata.org/entity/Q962,Benin,Point(2.416666666 6.366666666)
http://www.wikidata.org/entity/Q1524,Athens,664046,http://www.wikidata.org/entity/Q41,Greece,Point(23.728055555 37.984166666)
http://www.wikidata.org/entity/Q3854,Bujumbura,658859,http://www.wikidata.org/entity/Q967,Burundi,Point(29.361111111 -3.3825)
http://www.wikidata.org/entity/Q193250,Bulawayo,653337,http://www.wikidata.org/entity/Q217169,Rhodesia,Point(28.566666666 -20.166666666)
http://www.wikidata.org/entity/Q193250,Bulawayo,653337,http://www.wikidata.org/entity/Q750583,Southern Rhodesia,Point(28.566666666 -20.166666666)
http://www.wikidata.org/entity/Q193250,Bulawayo,653337,http://www.wikidata.org/entity/Q890120,Zimbabwe Rhodesia,Point(28.566666666 -20.166666666)
http://www.wikidata.org/entity/Q1748,Copenhagen,644431,http://www.wikidata.org/entity/Q35,Denmark,Point(12.568888888 55.676111111)
http://www.wikidata.org/entity/Q1757,Helsinki,643272,http://www.wikidata.org/entity/Q33,Finland,Point(24.93417 60.17556)
http://www.wikidata.org/entity/Q21197,Chișinău,639000,http://www.wikidata.org/entity/Q217,Moldova,Point(28.835277777 47.022777777)
http://www.wikidata.org/entity/Q1773,Riga,614618,http://www.wikidata.org/entity/Q211,Latvia,Point(24.106944444 56.9475)
http://www.wikidata.org/entity/Q3604,Djibouti,603900,http://www.wikidata.org/entity/Q977,Djibouti,Point(43.148055555 11.595)
http://www.wikidata.org/entity/Q34692,Kingston,580000,http://www.wikidata.org/entity/Q766,Jamaica,Point(-76.793055555 17.971388888)
http://www.wikidata.org/entity/Q1761,Dublin,553165,http://www.wikidata.org/entity/Q27,Republic of Ireland,Point(-6.260277777 53.349722222)
http://www.wikidata.org/entity/Q216,Vilnius,552787,http://www.wikidata.org/entity/Q37,Lithuania,Point(25.28 54.687222222)
http://www.wikidata.org/entity/Q597,Lisbon,545923,http://www.wikidata.org/entity/Q45,Portugal,Point(-9.139016 38.708042)
http://www.wikidata.org/entity/Q384,Skopje,526502,http://www.wikidata.org/entity/Q221,North Macedonia,Point(21.433333333 41.983333333)
http://www.wikidata.org/entity/Q1947,Juba,525953,http://www.wikidata.org/entity/Q958,South Sudan,Point(31.6 4.85)
http://www.wikidata.org/entity/Q2933,Asunción,524190,http://www.wikidata.org/entity/Q733,Paraguay,Point(-57.633333333 -25.3)
http://www.wikidata.org/entity/Q3909,Maseru,519186,http://www.wikidata.org/entity/Q1013,Lesotho,Point(27.48 -29.31)
http://www.wikidata.org/entity/Q47492,Gaza City,515556,http://www.wikidata.org/entity/Q219060,State of Palestine,Point(34.46667 31.5)
http://www.wikidata.org/entity/Q47492,Gaza City,515556,http://www.wikidata.org/entity/Q219060,State of Palestine,Point(34.45 31.516666666)
http://www.wikidata.org/entity/Q3739,Bissau,492004,http://www.wikidata.org/entity/Q1007,Guinea-Bissau,Point(-15.595555555 11.859166666)
http://www.wikidata.org/entity/Q148062,Zarqa,481300,http://www.wikidata.org/entity/Q1121819,Emirate of Transjordan,Point(36.1 32.083333333)
http://www.wikidata.org/entity/Q1780,Bratislava,475503,http://www.wikidata.org/entity/Q214,Slovakia,Point(17.112777777 48.144722222)
http://www.wikidata.org/entity/Q83065,Leicester,464395,http://www.wikidata.org/entity/Q179876,Kingdom of England,Point(-1.133333333 52.633333333)
http://www.wikidata.org/entity/Q200340,Udaipur,451100,http://www.wikidata.org/entity/Q129286,British Raj,Point(73.683333333 24.583333333)
http://www.wikidata.org/entity/Q1770,Tallinn,438341,http://www.wikidata.org/entity/Q191,Estonia,Point(24.745 59.437222222)
http://www.wikidata.org/entity/Q72,Zürich,434008,http://www.wikidata.org/entity/Q39,Switzerland,Point(8.541111111 47.374444444)
http://www.wikidata.org/entity/Q19689,Tirana,418495,http://www.wikidata.org/entity/Q222,Albania,Point(19.82 41.33)
http://www.wikidata.org/entity/Q3820,Beirut,361366,http://www.wikidata.org/entity/Q822,Lebanon,Point(35.513055555 33.886944444)
http://www.wikidata.org/entity/Q486545,Taraz,357795,http://www.wikidata.org/entity/Q15180,Soviet Union,Point(71.366666666 42.883333333)
http://www.wikidata.org/entity/Q486545,Taraz,357795,http://www.wikidata.org/entity/Q34266,Russian Empire,Point(71.366666666 42.883333333)
http://www.wikidata.org/entity/Q41211,San Juan,342259,http://www.wikidata.org/entity/Q1183,Puerto Rico,Point(-66.0683255 18.4222581)
http://www.wikidata.org/entity/Q3856,Nicosia,330000,http://www.wikidata.org/entity/Q229,Cyprus,Point(33.365 35.1725)
http://www.wikidata.org/entity/Q3935,Windhoek,322500,http://www.wikidata.org/entity/Q1030,Namibia,Point(17.083611111 -22.57)
http://www.wikidata.org/entity/Q36526,Port Moresby,317374,http://www.wikidata.org/entity/Q691,Papua New Guinea,Point(147.149444444 -9.478888888)
http://www.wikidata.org/entity/Q3070,San José,288054,http://www.wikidata.org/entity/Q800,Costa Rica,Point(-84.08 9.9325)
http://www.wikidata.org/entity/Q437,Ljubljana,286745,http://www.wikidata.org/entity/Q215,Slovenia,Point(14.506111111 46.051388888)
http://www.wikidata.org/entity/Q985627,Korhogo,286071,http://www.wikidata.org/entity/Q210682,French West Africa,Point(-5.629444444 9.457777777)
http://www.wikidata.org/entity/Q11194,Sarajevo,275524,http://www.wikidata.org/entity/Q225,Bosnia and Herzegovina,Point(18.413055555 43.856388888)
http://www.wikidata.org/entity/Q2467,Nassau,274400,http://www.wikidata.org/entity/Q778,The Bahamas,Point(-77.338611111 25.078055555)
http://www.wikidata.org/entity/Q188894,Kütahya,266784,http://www.wikidata.org/entity/Q12560,Ottoman Empire,Point(29.983333333 39.424166666)
http://www.wikidata.org/entity/Q320792,Bata,250770,http://www.wikidata.org/entity/Q983,Equatorial Guinea,Point(9.77 1.865)
http://www.wikidata.org/entity/Q3919,Gaborone,246325,http://www.wikidata.org/entity/Q963,Botswana,Point(25.908611111 -24.656944444)
http://www.wikidata.org/entity/Q739664,Santa Ana,245421,http://www.wikidata.org/entity/Q792,El Salvador,Point(-89.533333333 13.983333333)
http://www.wikidata.org/entity/Q13666,Messina,234293,http://www.wikidata.org/entity/Q172579,Kingdom of Italy,Point(15.554166666 38.193611111)
http://www.wikidata.org/entity/Q3001,Paramaribo,223757,http://www.wikidata.org/entity/Q730,Suriname,Point(-55.166666666 5.866666666)
http://www.wikidata.org/entity/Q9310,Dili,222323,http://www.wikidata.org/entity/Q574,East Timor,Point(125.578333333 -8.553611111)
http://www.wikidata.org/entity/Q47837,Laayoune,217732,http://www.wikidata.org/entity/Q40362,Sahrawi Arab Democratic Republic,Point(-13.2 27.15)
http://www.wikidata.org/entity/Q25270,Pristina,207477,http://www.wikidata.org/entity/Q1246,Kosovo,Point(21.166666666 42.666666666)
http://www.wikidata.org/entity/Q10717,Georgetown,200500,http://www.wikidata.org/entity/Q734,Guyana,Point(-58.150833333 6.805833333)
http://www.wikidata.org/entity/Q192213,Holon,194300,http://www.wikidata.org/entity/Q193714,Mandatory Palestine,Point(34.766666666 32.016666666)
http://www.wikidata.org/entity/Q23564,Podgorica,174515,http://www.wikidata.org/entity/Q236,Montenegro,Point(19.266111111 42.439722222)
http://www.wikidata.org/entity/Q208151,León,174051,http://www.wikidata.org/entity/Q811,Nicaragua,Point(-86.8775 12.434444444)
http://www.wikidata.org/entity/Q189419,Zemun,161596,http://www.wikidata.org/entity/Q83286,Socialist Federal Republic of Yugoslavia,Point(20.4 44.85)
http://www.wikidata.org/entity/Q189419,Zemun,161596,http://www.wikidata.org/entity/Q171150,Kingdom of Hungary,Point(20.4 44.85)
http://www.wikidata.org/entity/Q189419,Zemun,161596,http://www.wikidata.org/entity/Q191077,Kingdom of Yugoslavia,Point(20.4 44.85)
http://www.wikidata.org/entity/Q189419,Zemun,161596,http://www.wikidata.org/entity/Q15102440,"Kingdom of Serbs, Croats and Slovenes",Point(20.4 44.85)
http://www.wikidata.org/entity/Q3751,Praia,159050,http://www.wikidata.org/entity/Q1011,Cape Verde,Point(-23.509155555 14.917719444)
http://www.wikidata.org/entity/Q3882,Manama,157474,http://www.wikidata.org/entity/Q398,Bahrain,Point(50.5775 26.225)
http://www.wikidata.org/entity/Q132679,Willemstad,150000,http://www.wikidata.org/entity/Q25279,Curaçao,Point(-68.935 12.108)
http://www.wikidata.org/entity/Q3929,Port Louis,149194,http://www.wikidata.org/entity/Q1027,Mauritius,Point(57.498888888 -20.161944444)
http://www.wikidata.org/entity/Q132572,Tiraspol,133807,http://www.wikidata.org/entity/Q907112,Transnistria,Point(29.63333333 46.85)
http://www.wikidata.org/entity/Q9347,Malé,133019,http://www.wikidata.org/entity/Q826,Maldives,Point(73.508333333 4.175)
http://www.wikidata.org/entity/Q1764,Reykjavík,128793,http://www.wikidata.org/entity/Q189,Iceland,Point(-21.935 64.1475)
http://www.wikidata.org/entity/Q1842,Luxembourg,128512,http://www.wikidata.org/entity/Q32,Luxembourg,Point(6.132777777 49.610555555)
http://www.wikidata.org/entity/Q383622,Pakse,119848,http://www.wikidata.org/entity/Q870055,Kingdom of Laos,Point(105.783333333 15.116666666)
http://www.wikidata.org/entity/Q383622,Pakse,119848,http://www.wikidata.org/entity/Q1320058,French Protectorate of Laos,Point(105.783333333 15.116666666)
http://www.wikidata.org/entity/Q3901,Moroni,111329,http://www.wikidata.org/entity/Q970,Comoros,Point(43.253611111 -11.703611111)
http://www.wikidata.org/entity/Q174684,Tuzla,110979,http://www.wikidata.org/entity/Q28513,Austria-Hungary,Point(18.676111111 44.538055555)
http://www.wikidata.org/entity/Q495730,Manzini,110508,http://www.wikidata.org/entity/Q1050,Eswatini,Point(31.366666666 -26.483333333)
http://www.wikidata.org/entity/Q36168,Bridgetown,110000,http://www.wikidata.org/entity/Q244,Barbados,Point(-59.616666666 13.0975)
http://www.wikidata.org/entity/Q345204,Dakhla,106277,http://www.wikidata.org/entity/Q689837,Spanish Sahara,Point(-15.95 23.716666666)
http://www.wikidata.org/entity/Q345204,Dakhla,106277,http://www.wikidata.org/entity/Q6250,Western Sahara,Point(-15.95 23.716666666)
http://www.wikidata.org/entity/Q9270,Thimphu,104000,http://www.wikidata.org/entity/Q917,Bhutan,Point(89.633333333 27.483333333)
http://www.wikidata.org/entity/Q38807,Suva,88271,http://www.wikidata.org/entity/Q712,Fiji,Point(178.433333333 -18.133333333)
http://www.wikidata.org/entity/Q40921,Honiara,84520,http://www.wikidata.org/entity/Q685,Solomon Islands,Point(159.95 -9.433333)
http://www.wikidata.org/entity/Q1444575,Chaguanas,83489,http://www.wikidata.org/entity/Q754,Trinidad and Tobago,Point(-61.4075 10.514444444)
http://www.wikidata.org/entity/Q185289,Pernik,81308,http://www.wikidata.org/entity/Q121932,People's Republic of Bulgaria,Point(23.030805 42.599828)
http://www.wikidata.org/entity/Q185289,Pernik,81308,http://www.wikidata.org/entity/Q147909,Kingdom of Bulgaria,Point(23.030805 42.599828)
http://www.wikidata.org/entity/Q185289,Pernik,81308,http://www.wikidata.org/entity/Q815731,Principality of Bulgaria,Point(23.030805 42.599828)
http://www.wikidata.org/entity/Q3932,São Tomé,71868,http://www.wikidata.org/entity/Q1039,São Tomé and Príncipe,Point(6.733333333 0.333333333)
http://www.wikidata.org/entity/Q83531,Bitlis,71501,http://www.wikidata.org/entity/Q878818,Principality of Bitlis,Point(42.116666666 38.4)
http://www.wikidata.org/entity/Q41699,Castries,70000,http://www.wikidata.org/entity/Q760,Saint Lucia,Point(-60.983333333 14.016666666)
http://www.wikidata.org/entity/Q40811,Sukhumi,64441,http://www.wikidata.org/entity/Q139319,Russian Republic,Point(41.015277777 43.003333333)
http://www.wikidata.org/entity/Q40811,Sukhumi,64441,http://www.wikidata.org/entity/Q154667,Kingdom of Georgia,Point(41.015277777 43.003333333)
http://www.wikidata.org/entity/Q40811,Sukhumi,64441,http://www.wikidata.org/entity/Q245160,Democratic Republic of Georgia,Point(41.015277777 43.003333333)
http://www.wikidata.org/entity/Q40811,Sukhumi,64441,http://www.wikidata.org/entity/Q307041,Socialist Soviet Republic of Abkhazia,Point(41.015277777 43.003333333)
http://www.wikidata.org/entity/Q40811,Sukhumi,64441,http://www.wikidata.org/entity/Q325493,Kingdom of Abkhazia,Point(41.015277777 43.003333333)
http://www.wikidata.org/entity/Q40811,Sukhumi,64441,http://www.wikidata.org/entity/Q330756,Transcaucasian Democratic Federative Republic,Point(41.015277777 43.003333333)
http://www.wikidata.org/entity/Q40811,Sukhumi,64441,http://www.wikidata.org/entity/Q545205,Transcaucasian Socialist Federative Soviet Republic,Point(41.015277777 43.003333333)
http://www.wikidata.org/entity/Q40811,Sukhumi,64441,http://www.wikidata.org/entity/Q1069959,Kingdom of Imereti,Point(41.015277777 43.003333333)
http://www.wikidata.org/entity/Q40811,Sukhumi,64441,http://www.wikidata.org/entity/Q55659450,Socialist Soviet Republic Of Georgia,Point(41.015277777 43.003333333)
http://www.wikidata.org/entity/Q40811,Sukhumi,64441,http://www.wikidata.org/entity/Q12544,Byzantine Empire,Point(41.015277777 43.003333333)
http://www.wikidata.org/entity/Q131233,South Tarawa,63439,http://www.wikidata.org/entity/Q710,Kiribati,Point(172.966666666 1.4)
http://www.wikidata.org/entity/Q2762100,North Nicosia,61378,http://www.wikidata.org/entity/Q23681,Turkish Republic of Northern Cyprus,Point(33.363238888 35.177011111)
http://www.wikidata.org/entity/Q187807,San Fernando,58367,http://www.wikidata.org/entity/Q80702,Spanish Empire,Point(-70.9891 -34.5839)
http://www.wikidata.org/entity/Q108223,Belize City,57169,http://www.wikidata.org/entity/Q242,Belize,Point(-88.188611111 17.498611111)
http://www.wikidata.org/entity/Q216363,Rîbnița,56988,http://www.wikidata.org/entity/Q133356,Ukrainian Soviet Socialist Republic,Point(29.00055556 47.76638889)
http://www.wikidata.org/entity/Q216363,Rîbnița,56988,http://www.wikidata.org/entity/Q172107,Polish–Lithuanian Commonwealth,Point(29.00055556 47.76638889)
http://www.wikidata.org/entity/Q216363,Rîbnița,56988,http://www.wikidata.org/entity/Q203493,Kingdom of Romania,Point(29.00055556 47.76638889)
http://www.wikidata.org/entity/Q216363,Rîbnița,56988,http://www.wikidata.org/entity/Q243610,Ukrainian People's Republic,Point(29.00055556 47.76638889)
http://www.wikidata.org/entity/Q216363,Rîbnița,56988,http://www.wikidata.org/entity/Q1508143,Ukrainian State,Point(29.00055556 47.76638889)
http://www.wikidata.org/entity/Q216363,Rîbnița,56988,http://www.wikidata.org/entity/Q2305208,Russian Socialist Federative Soviet Republic,Point(29.00055556 47.76638889)
http://www.wikidata.org/entity/Q37806,Port Vila,51437,http://www.wikidata.org/entity/Q686,Vanuatu,Point(168.316667 -17.73333)
http://www.wikidata.org/entity/Q9279,Bandar Seri Begawan,50000,http://www.wikidata.org/entity/Q921,Brunei,Point(114.916666666 4.916666666)
http://www.wikidata.org/entity/Q129352,Stepanakert,49848,http://www.wikidata.org/entity/Q244165,Republic of Artsakh,Point(46.751944444 39.815277777)
http://www.wikidata.org/entity/Q95895695,Free Imperial City of Strasbourg,48500,http://www.wikidata.org/entity/Q70972,Kingdom of France,Point(7.747222222 48.580555555)
http://www.wikidata.org/entity/Q95895695,Free Imperial City of Strasbourg,48500,http://www.wikidata.org/entity/Q12548,Holy Roman Empire,Point(7.747222222 48.580555555)
http://www.wikidata.org/entity/Q502272,Ma'ale Adumim,40996,http://www.wikidata.org/entity/Q36678,West Bank,Point(35.264722222 31.775)
http://www.wikidata.org/entity/Q214681,Panaji,40017,http://www.wikidata.org/entity/Q323904,Portuguese India,Point(73.83 15.48)
http://www.wikidata.org/entity/Q249480,Herakleopolis Magna,40001,http://www.wikidata.org/entity/Q11768,Ancient Egypt,Point(30.93333 29.08333)
http://www.wikidata.org/entity/Q249480,Herakleopolis Magna,40001,http://www.wikidata.org/entity/Q11768,Ancient Egypt,Point(30.934444 29.085556)
http://www.wikidata.org/entity/Q2357934,Kerki,38350,http://www.wikidata.org/entity/Q746558,Emirate of Bukhara,Point(65.2 37.816666666)
http://www.wikidata.org/entity/Q36260,Apia,37708,http://www.wikidata.org/entity/Q683,Samoa,Point(-171.833333333 -13.833333333)
http://www.wikidata.org/entity/Q131243,Oranjestad,34980,http://www.wikidata.org/entity/Q21203,Aruba,Point(-70.035833333 12.518611111)
http://www.wikidata.org/entity/Q147738,Saint Helier,33522,http://www.wikidata.org/entity/Q785,Jersey,Point(-2.11 49.185833333)
http://www.wikidata.org/entity/Q3726,Banjul,31356,http://www.wikidata.org/entity/Q1005,The Gambia,Point(-16.5775 13.453055555)
http://www.wikidata.org/entity/Q79863,Tskhinvali,30432,http://www.wikidata.org/entity/Q23427,South Ossetia,Point(43.970072 42.225661)
http://www.wikidata.org/entity/Q12919,Majuro,30000,http://www.wikidata.org/entity/Q709,Marshall Islands,Point(171.3802 7.0918)
http://www.wikidata.org/entity/Q208169,Republic of Ragusa,30000,http://www.wikidata.org/entity/Q208169,Republic of Ragusa,Point(18.06666667 42.65)
http://www.wikidata.org/entity/Q172996,George Town,27704,http://www.wikidata.org/entity/Q5785,Cayman Islands,Point(-81.37436 19.2866)
http://www.wikidata.org/entity/Q2568887,Arraba,27000,http://www.wikidata.org/entity/Q23792,Palestine,Point(35.338611111 32.851111111)
http://www.wikidata.org/entity/Q3940,Victoria,26450,http://www.wikidata.org/entity/Q1042,Seychelles,Point(55.454444444 -4.623611111)
http://www.wikidata.org/entity/Q41474,Kingstown,25000,http://www.wikidata.org/entity/Q757,Saint Vincent and the Grenadines,Point(-61.233333333 13.166666666)
http://www.wikidata.org/entity/Q36262,Saint John's,24451,http://www.wikidata.org/entity/Q781,Antigua and Barbuda,Point(-61.844722222 17.121111111)
http://www.wikidata.org/entity/Q39583,Birkirkara,24356,http://www.wikidata.org/entity/Q233,Malta,Point(14.466666666 35.9)
http://www.wikidata.org/entity/Q38834,Nuku'alofa,23221,http://www.wikidata.org/entity/Q678,Tonga,Point(-175.208333333 -21.134722222)
http://www.wikidata.org/entity/Q1863,Andorra la Vella,22151,http://www.wikidata.org/entity/Q228,Andorra,Point(1.5 42.5)
http://www.wikidata.org/entity/Q241122,Comrat,20113,http://www.wikidata.org/entity/Q964024,Moldavian Democratic Republic,Point(28.657222222 46.300277777)
http://www.wikidata.org/entity/Q1899332,Qabatiya,19197,http://www.wikidata.org/entity/Q407199,Palestinian territories,Point(35.280880555 32.409552777)
http://www.wikidata.org/entity/Q262669,Burghausen,18701,http://www.wikidata.org/entity/Q154195,Kingdom of Bavaria,Point(12.833333333 48.166666666)
http://www.wikidata.org/entity/Q226,Nuuk,18326,http://www.wikidata.org/entity/Q223,Greenland,Point(-51.733333333 64.175)
http://www.wikidata.org/entity/Q732986,Salaspils,17905,http://www.wikidata.org/entity/Q1419584,Livonia Governorate,Point(24.35 56.861388888)
http://www.wikidata.org/entity/Q36281,Roseau,16582,http://www.wikidata.org/entity/Q784,Dominica,Point(-61.383333333 15.3)
http://www.wikidata.org/entity/Q640493,Kępno,13951,http://www.wikidata.org/entity/Q1206012,German Reich,Point(17.98908 51.2784)
http://www.wikidata.org/entity/Q837170,Gura Humorului,13667,http://www.wikidata.org/entity/Q131964,Austrian Empire,Point(25.8875 47.554166666)
http://www.wikidata.org/entity/Q837170,Gura Humorului,13667,http://www.wikidata.org/entity/Q153136,Habsburg Monarchy,Point(25.8875 47.554166666)
http://www.wikidata.org/entity/Q837170,Gura Humorului,13667,http://www.wikidata.org/entity/Q10957559,Principality of Moldavia,Point(25.8875 47.554166666)
http://www.wikidata.org/entity/Q41295,Basseterre,13220,http://www.wikidata.org/entity/Q763,Saint Kitts and Nevis,Point(-62.734166666 17.298333333)
http://www.wikidata.org/entity/Q497138,Darłowo,13081,http://www.wikidata.org/entity/Q696640,Duchy of Pomerania,Point(16.416666666 54.416666666)
http://www.wikidata.org/entity/Q331584,Kralendijk,12531,http://www.wikidata.org/entity/Q29999,Kingdom of the Netherlands,Point(-68.276666666 12.150833333)
http://www.wikidata.org/entity/Q717399,Strzelce Krajeńskie,9912,http://www.wikidata.org/entity/Q7318,Nazi Germany,Point(15.516666666 52.883333333)
http://www.wikidata.org/entity/Q717399,Strzelce Krajeńskie,9912,http://www.wikidata.org/entity/Q41304,Weimar Republic,Point(15.516666666 52.883333333)
http://www.wikidata.org/entity/Q717399,Strzelce Krajeńskie,9912,http://www.wikidata.org/entity/Q43287,German Empire,Point(15.516666666 52.883333333)
http://www.wikidata.org/entity/Q527748,Koror,8744,http://www.wikidata.org/entity/Q695,Palau,Point(134.48042 7.34333)
http://www.wikidata.org/entity/Q236673,Gali,7449,http://www.wikidata.org/entity/Q31354462,Republic of Abkhazia,Point(41.733333333 42.633333333)
http://www.wikidata.org/entity/Q42751,Palikir,6227,http://www.wikidata.org/entity/Q702,Federated States of Micronesia,Point(158.185 6.917777777)
http://www.wikidata.org/entity/Q34126,Funafuti,6025,http://www.wikidata.org/entity/Q672,Tuvalu,Point(179.19417 -8.52425)
http://www.wikidata.org/entity/Q1844,Vaduz,5668,http://www.wikidata.org/entity/Q347,Liechtenstein,Point(9.521944444 47.139722222)
http://www.wikidata.org/entity/Q170482,Avarua,5445,http://www.wikidata.org/entity/Q26988,Cook Islands,Point(-159.771 -21.207)
http://www.wikidata.org/entity/Q41547,St. George's,4315,http://www.wikidata.org/entity/Q769,Grenada,Point(-61.741666666 12.044444444)
http://www.wikidata.org/entity/Q1848,San Marino,4040,http://www.wikidata.org/entity/Q238,San Marino,Point(12.44845 43.932011111)
http://www.wikidata.org/entity/Q30985,Hamilton,3686,http://www.wikidata.org/entity/Q23635,Bermuda,Point(-64.801388888 32.2975)
http://www.wikidata.org/entity/Q1722578,Kaloyanovo,2547,http://www.wikidata.org/entity/Q459780,Eastern Rumelia,Point(24.731412 42.355135)
http://www.wikidata.org/entity/Q1411798,Coșbuc,1524,http://www.wikidata.org/entity/Q3113481,Principality of Transylvania,Point(24.39 47.363055555)
http://www.wikidata.org/entity/Q429059,Dvin,1190,http://www.wikidata.org/entity/Q2071857,Persarmenia,Point(44.58333333 40.0)
http://www.wikidata.org/entity/Q429059,Dvin,1190,http://www.wikidata.org/entity/Q2571688,Persian Armenia,Point(44.58333333 40.0)
http://www.wikidata.org/entity/Q939009,Nițchidorf,1183,http://www.wikidata.org/entity/Q2685298,Romanian People's Republic,Point(21.530833333 45.5825)
http://www.wikidata.org/entity/Q237,Vatican City,1000,http://www.wikidata.org/entity/Q237,Vatican City,Point(12.453 41.904)
http://www.wikidata.org/entity/Q31026,Yaren District,747,http://www.wikidata.org/entity/Q697,Nauru,Point(166.920867 -0.5477)
http://www.wikidata.org/entity/Q30970,Jamestown,714,http://www.wikidata.org/entity/Q192184,"Saint Helena, Ascension and Tristan da Cunha",Point(-5.717916666 -15.925138888)
http://www.wikidata.org/entity/Q642787,Atafu,541,http://www.wikidata.org/entity/Q36823,Tokelau,Point(-172.497 -8.558)
